name,average_revenue,average_cost_to_start
ecommerce store,286408,10000
saas company,175685,10000
solopreneur,284786,500
CPG company,227980,5000
marketing agency,249733,1000
niche blog,31539,650
digital marketing business,119012,2500
digital agency,185659,2500
SEO agency,112973,1500
blog,44859,500
online course,91929,2000
online retail store,167596,15000
etsy shop,47484,1000
micro saas,82433,500
newsletter,217861,500
affiliate marketing business,77529,700
consulting business,105435,1000
fashion design business,101274,10000
social media marketing service,100354,1380
productized service,118825,1000
fashion designer,71521,2850
web development business,91114,4000
online marketing business,77144,5000
content writing company,49954,600
saas product developer business,201533,18000
fashion business,51554,7500
lead generation business,194279,4125
women's clothing line,79821,5000
software business,209226,10000
content marketing business,91335,1500
copywriting business,34913,500
software developer,51733,10000
online community,22708,1000
ecommerce retailing business,481630,10000
ecommerce platform,202493,25000
skin care product line,121171,12500
website development business,387414,1000
beauty business,154045,22500
email marketing tool,249305,1000
media company,217355,1100
SEO services,87353,1000
ecommerce marketing agency,410860,3500
marketing consulting business,122236,2000
branding agency,66543,1250
online advertising agency,177059,2500
graphic design business,170580,1000
online food business,336057,11000
seo consultant business,155958,500
finance blog,162145,200
business coach,43942,2749
AI-based business,27930,500
marketing automation platform,79269,45000
content marketing agency,80913,2000
content strategist,66840,8000
email newsletter business,188956,500
facebook group,142181,1000
travel agency,178018,1250
chrome extension,72799,3500
startup consulting business,101855,1000
business consultant,204626,1600
web design & online marketing business,128761,5000
SEO & lead generation service,60023,4000
mobile app development business,140874,10000
supplements company,386575,40000
career coaching business,48517,1500
iPhone app,238399,10000
food startup,192962,20000
author,226945,1000
podcast,97879,2000
travel blog,124401,750
software development agency,543763,1500
copywriter,37442,750
email marketing business,631409,1000
email automation platform,295875,1500
web design business,506655,2000
productivity tool,71258,1000
technology consulting business,144202,10000
freelance writing business,65499,500
life coaching business,18614,750
pet company,343690,23500
sleep product,492645,10000
cannabis business,271970,30000
social media consultant,99219,2250
tech company,654427,35000
no code platform,307852,749
SEO tool,99782,1000
ecommerce consultant,680017,3000
business growth service,151117,1000
men's clothing line,60395,5000
beverage company,1477137,30000
ecommerce brand,79899,7000
youtube channel,146108,750
bedding company,740731,15000
travel company,276088,15000
data analysis service,47295,3500
online jewelry store,165380,7500
sales automation platform,170777,5000
video production company,161733,5000
product review blog,26425,750
art business,61438,1500
natural beauty product business,66825,20000
jewelry making business,247943,3500
PPC agency,161833,2500
stationery business,28256,1250
freelancer platform,397253,6100
software company,177911,10000
tech support business,156596,3000
social media content creator,165864,1500
business coaching,121035,1500
clothing boutique,122250,5000
CRM business,243785,60000
chrome extension building business,77457,1000
investment advisory business,341837,8000
website builder,667442,1500
tour company,74825,2500
specialty food business,49785,10000
social media marketing agency,116142,7500
print on demand business,411300,45000
subscription box business,97915,210
CBD business,84923,35000
PPC consulting agency,95153,5000
startup instructing business,28365,500
beverages business,1788361,30000
skills training business,94833,2000
clothing line,212384,2434
website consulting business,102415,1000
growth agency,47923,1250
freelance marketplace business,124084,2000
social media marketer,44546,2250
graphic designer,24701,700
niche web design business,49962,1000
Facebook ads consultant,864166,1500
management consulting business,178368,5000
customer intelligence analytics business,107325,27500
tutoring or education business,61157,4000
sales leads business,211652,1500
content creation business,80250,1000
publishing business,531415,500
website building agency,198091,1000
online fitness business,76316,2500
hair product line,319170,30000
personal care products,336833,40000
fashion accessories brand,65145,7250
artificial intelligence business,59968,6500
investment consulting business,263352,15000
artist,26048,6762
time tracking app,76081,5000
social media automation business,148120,15500
jewelry product,166700,13750
digital product designer,89120,1000
advertisment business,75893,4000
email app business,55021,40000
furniture business,206681,20000
niche fashion business,32672,3500
real estate business,271954,25000
recruiting agency,109236,15000
mobile app,70320,35500
project management tool,162454,10000
substack newsletter,42590,1000
b2b lead generation service,172272,13500
digital marketplace,418286,22500
AI tool,297136,6500
ecommerce plugin,23383,6000
link building service,39636,1000
online shopping business,149954,10000
shoe brand,452772,47500
clothes business,221303,10000
writing & editing business,212530,500
financial advisor,240047,6550
children's clothing business,332712,1500
online courses business,117757,1000
personal finance blog,219374,350
wholesale business,118383,7000
educational technology product,48004,2500
massage therapist,87230,35000
health and wellness consulting business,98005,3000
online t-shirt business,86200,500
mobile app builder,153150,50000
digital products,261108,7500
game development business,226480,2400
blogging coach,26400,250
data analytics software business,454150,11000
food & beverage company,32094,10000
kids store,142041,5000
fashion accessories business,53213,2800
analytics tool,170297,4750
fashion supply business,49140,18000
online fitness coach,19025,500
nutrition supplements business,198400,75000
UX service provider,84269,4000
AI SaaS business,39335,2750